ID,Age
1,0.24663839071157684
2,-0.9513090843792487
3,-0.43214268857500704
4,-0.30252192526880045
5,-0.5079307711450142
6,-0.5531911372849535
7,0.10667940728979206
8,-0.011681539483225593
9,0.6216998971460349
10,0.6216998971460349
11,0.32312105083551795
12,-0.34160112983295254
13,-1.0716871848335727
14,0.12864915461470375
15,-0.1379261348815492
16,-0.8197550893515315
17,0.6216998971460349
18,0.04763423937982311
19,-0.014486672598776128
20,0.6216998971460349
21,-0.20826913030526145
22,-0.2827418794377652
23,0.033988156645847076
24,0.06156269664507133
25,-0.08291125525985521
26,-0.397023874713384
27,-0.2668076013223977
28,-0.654998159634129
29,-0.1782284149027656
30,-0.5321885944375765
31,-0.034354691371926
32,-0.9072504552722014
33,0.12517164399827338
34,-0.24890996399755544
35,0.49801035800127325
36,-0.32761912690890327
37,-0.6090726709146748
38,-0.16022028345444023
39,-0.23679135058538753
40,0.33570894464306833
41,-0.1969368079453498
42,-1.0716871848335727
43,-0.2463342875020234
44,0.6216998971460349
45,0.24970223836966676
46,0.6216998971460349
47,0.1977989404823643
48,-0.7527013038999468
49,0.6216998971460349
50,0.6216998971460349
51,0.6216998971460349
52,0.14482267654010172
53,-0.2630956468488859
54,-0.034012966187078025
55,0.09298900910752934
56,-0.5454315564812
57,-0.2533237949978437
58,0.6216998971460349
59,0.6216998971460349
60,-0.3157690962519638
61,-0.07849197080427134
62,0.013021219726411735
63,-0.4847722938854417
64,-0.3112838723902724
65,-0.20128141597315274
66,0.08816502008828794
67,0.31117991256240696
68,0.38257769501386696
69,0.305939623426173
70,0.18380781793745898
71,0.13700231860233136
72,0.3801706713529801
73,0.355336253000042
74,-0.036346854494180555
75,-0.6994520858163857
76,-0.07271761910371057
77,-0.040607064833229775
78,0.21181502423510312
79,-0.16692445303203804
80,0.04299803755614186
81,-0.0942509804869748
82,0.1052555493886672
83,-0.05046594815190176
84,0.22257994460269742
85,0.6216998971460349
86,-0.24604495810906057
87,-0.23121727994819738
88,-0.9743133844911998
89,-0.11631828804280356
90,0.04521897013212485
91,-0.024395117725784253
92,0.11958121558132348
93,0.3211378276514568
94,0.23719588250819684
95,-0.16484611882005296
96,0.5209843273657169
97,-0.5656679026451843
98,-0.11339044165662843
99,0.3930220538230561
100,-0.020468621698998483
101,0.36095763305888606
102,-0.04173739091739828
103,0.6216998971460349
104,-0.18834935727157853
105,0.6216998971460349
106,0.6216998971460349
107,0.0035153784791662366
108,0.6216998971460349
109,0.2254921382787616
110,-0.42069991525463785
111,0.2891918517080655
112,0.018173443024998674
113,-0.6242806990734526
114,0.6216998971460349
115,-0.3251201691895902
116,-0.023779227481192967
117,-0.718378288786994
118,-0.5321074147262872
119,0.010579175457940126
120,0.19593217599020282
121,0.4758882434395437
122,0.6216998971460349
123,0.15771058763068452
124,0.37576936577808373
125,-0.06009952896792456
126,-0.26036740909054
127,-0.2356573625386839
128,-0.03768192454483076
129,-0.30201201415955786
130,0.10481712261761231
131,-0.05965718168566806
132,0.13581432019639636
133,0.27497532946253345
134,-0.1854348844364619
135,-0.04040778207373358
136,-0.11368332935753872
137,-0.2080625525234177
138,-0.6159396696177558
139,-0.10095947013924655
140,0.22093016711926228
141,0.10215243330387747
142,0.0031808189874786954
143,0.06853827398678353
144,-0.1253969893221516
145,-0.23561236164384264
146,-0.48718684722095884
147,-1.0716871848335727
148,0.0670419004159213
149,-0.4069357925070751
150,-0.16829636726132016
151,-0.03190285502235439
152,-0.6134753698867393
153,-0.26359351904081946
154,-0.20306486063506354
155,0.6216998971460349
156,-0.0665298896263055
157,-0.15697057372262468
158,-0.3630160287293438
159,0.14440811385747584
160,-0.08887817558590078
161,-0.6650361818774366
162,0.30689014274709503
163,-0.045354018349706454
164,-0.5599067555508721
165,-0.12061859525624472
166,-1.0346168419836683
167,0.6216998971460349
168,0.4156375353281742
169,0.22273647317775336
170,0.15535840831922548
171,-0.4335074355442102
172,0.19098361364991295
173,0.6216998971460349
174,-0.13246955768692262
175,-0.307656834265828
176,0.03181889910055819
177,0.3069081310838411
178,-0.25569087824978803
179,-0.27393400722644856
180,-0.5684528223385713
181,0.6216998971460349
182,0.13294272232993845
183,0.13849945785952092
184,-0.00545029084703948
185,0.3248296642499333
186,0.20645029417995475
187,-0.12639169222835483
188,-0.19360725494485503
189,-0.6701150848334179
190,0.6216998971460349
191,0.2532570047427114
192,0.04979193537000837
193,0.21109306612904782
194,0.6935797375193014
195,0.534424178602275
196,-0.3660529576638792
197,-0.08680052538391284
198,-0.032094197491935685
199,-0.18890606534813456
200,0.32013533006138684
201,0.2831376912830918
202,0.28229423674947696
203,0.019126285563121424
204,0.6216998971460349
205,0.2045152377630508
206,-0.807528304400279
207,0.19956651321607322
208,-0.8129383477623411
209,0.4852859762728765
210,-0.1547309762258381
211,-0.6630848367005546
212,0.6216998971460349
213,0.15790556894402302
214,-0.16196158315545095
215,-0.2543604879725844
216,-0.215665249633754
217,-0.007088400402559098
218,-1.0716871848335727
219,0.20469338503470225
220,-0.18985051604732855
221,0.6216998971460349
222,0.293508749173421
223,0.6216998971460349
224,0.054781674720477534
225,0.264463750215357
226,0.09206172977533447
227,-0.12232372977213175
228,0.05473728658415986
229,-0.7818532342497231
230,0.285306714848517
231,-0.3401399372953515
232,0.280489732200666
233,-0.16497100147634067
234,0.14032422645590986
235,0.6216998971460349
236,0.6216998971460349
237,0.6216998971460349
238,0.3850036277477798
239,-0.09015743776285483
240,0.17176598146203526
241,0.6099190159395502
242,-0.42574777831102173
243,0.37167966173197764
244,-0.3993251797488896
245,0.09033614725426269
246,0.017847818442387753
247,-0.5084368658582326
248,0.1279159489100746
249,-0.3096269500842035
250,-0.48807493468952534
251,0.14440868158433634
252,-0.35288304885018407
253,-0.1526489628585594
254,-0.2013626509740556
255,-0.46907508712925194
256,-1.0716871848335727
257,0.6216998971460349
258,-0.017795738569537062
259,-0.5565736838439719
260,0.0963347662424574
261,0.6216998971460349
262,-0.018770705796951496
263,-1.0716871848335727
264,-0.0873618529907732
265,-0.2659464143322044
266,-0.3052468023627172
267,0.3711007965450901
268,-0.22191389612119589
269,-0.02454964567122582
270,-0.4437307284196349
271,-0.4999962912438264
272,-0.2750445854502006
273,-0.47351844486284667
274,0.3388598085456578
275,0.010731494706245803
276,0.6216998971460349
277,0.6216998971460349
278,0.04988460205285285
279,0.14175512804044754
280,-0.739143188398842
281,0.043252302613661316
282,-0.5329112678439467
283,0.49553453224474286
284,-1.0716871848335727
285,-0.4957764096497511
286,0.2454052919020361
287,0.6216998971460349
288,0.28661522331349276
289,-0.12042828964837854
290,-0.4345657441301062
291,-0.097354253266825
292,0.6216998971460349
293,-0.10518995336523436
294,0.1467881535426907
295,0.6216998971460349
296,-0.33499392187311716
297,0.17694880135957575
298,0.4318669320768895
299,0.0843113164899629
300,-0.28740839840361215
301,0.49363036571407976
302,0.6216998971460349
303,-0.033287133140379135
304,-0.02993226107992067
305,0.6216998971460349
306,0.14065892036695699
307,0.12078144952363329
308,-1.0716871848335727
309,-0.09879925394661648
310,-0.028895404829711
311,0.2722450493209204
312,0.6216998971460349
313,0.15274149962536404
314,-0.03961182337973328
315,0.6216998971460349
316,0.6216998971460349
317,-0.049566767097594125
318,-0.34068485989924846
319,0.22513280808664124
320,-0.7942401704506707
321,-0.13517343784497715
322,-0.2658354272759992
323,0.17113068217850488
324,-0.177437118544273
325,-0.7173662417007631
326,-0.945018811298151
327,-0.29984743630322835
328,-0.29298661962202766
329,0.2907971872736399
330,0.6216998971460349
331,-0.1460315211069167
332,0.1687907895429716
333,0.5289222886008462
334,-0.07797978706704363
335,-0.05955352288106278
336,-0.31758217865374067
337,-0.15226337724954137
338,0.4421594776147567
339,-0.3578330258616379
340,0.3417451079215995
341,0.207581187011614
342,0.6216998971460349
343,-0.5912713749422549
344,0.11138081059924626
345,-0.045400861607397446
346,-0.150835429127333
347,-0.07153448018147192
348,0.0917733935872253
349,0.30592297684871705
350,0.0027419990418033474
351,-0.3595191596296109
352,0.49584452087523356
353,0.27061268554072304
354,0.32459193231906547
355,-0.3095215013441541
356,-0.6117408817987365
357,-0.8360983608883072
358,-0.12552800932454342
359,0.07162442208071793
360,-0.39014817637142585
361,0.29400032691105576
362,0.43391476907506726
363,-0.010449596651705128
364,-0.22015654821834343
365,-0.20670118722350603
366,-0.013894043825309333
367,0.5375349521110435
368,-0.20701208290497713
369,0.4637868750272516
370,0.6216998971460349
371,-0.5572319797128193
372,0.27530040417339285
373,0.04695657996955954
374,0.0674743590398151
375,-0.45628696154732323
376,-0.5291341791725235
377,0.1536506905585606
378,-0.1903756778097465
379,0.18052483806485342
380,-0.5745287671972013
381,-0.049098311771079456
382,0.6579758052818657
383,0.0212985061513587
384,-0.07956439803920402
385,-0.22370313819541382
386,-0.20928762973598614
387,-0.3332296727472599
388,0.4444875411070328
389,-0.23700671814015828
390,-0.037211859251657646
391,-0.09198806330104026
392,0.6216998971460349
393,0.13537073145063125
394,-0.020920945975017296
395,0.21434304809393995
396,0.6216998971460349
397,-0.026500572486549016
398,-0.6331301832533115
399,0.14579033062787025
400,-0.07542998550745372
401,0.042691134253654305
402,0.6216998971460349
403,-0.155851328372428
404,-0.21163650919860183
405,0.18415695403336707
406,0.2679077692945403
407,-0.5856206819108183
408,-0.4089391329199452
409,0.35217516663409837
410,-0.7849463953410571
411,0.5805282503630835
412,0.6216998971460349
413,0.6216998971460349
414,0.3232447175401759
415,-0.8595932970926103
416,0.10960359517890109
417,0.6216998971460349
418,-0.21642505965529102
419,0.18296803981758347
420,0.09056032518309289
421,0.6216998971460349
422,-0.4461359546329625
423,-0.3147223578263165
424,0.3053879048545747
425,-0.0025031951096676102
426,-0.5316935262336605
427,-0.4796522770975107
428,-0.4934134987431503
429,0.13869648663217027
430,-0.46419678789613533
431,0.34002216900701654
432,0.4866673267723645
433,0.03672367249456636
434,-0.035695629920007285
435,0.6216998971460349
436,0.6216998971460349
437,0.5245542912904277
438,0.6216998971460349
439,0.04144329867892012
440,-0.2894214926236484
441,-0.15637671343284226
442,-0.01566551598683942
443,0.193183206569365
444,-0.6079609051832744
445,0.6216998971460349
446,-0.5503977803683622
447,-0.5670338831888367
448,-0.09374587536021978
449,-0.1653783073065207
450,-0.03834073772857807
451,0.07587143944759105
452,0.08136264076885774
453,-0.21618789453658596
454,-0.400417109517289
455,-0.17564316572512098
456,0.09589589746439209
457,-0.032054472986758495
458,0.2705168726713099
459,0.008197910872827957
460,0.34283898709737076
461,-0.17257844726730964
462,-0.20261446782376585
463,-0.3193387959893071
464,0.6216998971460349
465,-0.22638880070196235
466,0.08783231615976031
467,-0.018032204850990587
468,0.27672930489855063
469,-0.12789188057905218
470,0.6216998971460349
471,0.3859760606856597
472,-0.31911849784970425
473,0.11410721988053435
474,0.3316800100006649
475,0.4857839806644184
476,-0.3844587597877703
477,-0.07078319784124112
478,0.6216998971460349
479,-0.32066828819749543
480,0.08398614840462981
481,0.2017021930334698
482,0.04893490028999044
483,-0.2646448127072508
484,-0.49743167432421886
485,0.3349636019852874
486,-0.43542488808155855
487,-0.2219457162523817
488,0.6216998971460349
489,-0.2850484709359101
490,-0.09781799230116536
491,-0.5673731739839412
492,-0.45585157860260056
493,-0.05106887924653958
494,-0.17488585661830663
495,0.6216998971460349
496,0.6216998971460349
497,0.6216998971460349
498,0.3821343454722446
499,-0.14282263006135715
500,0.6216998971460349
501,0.6216998971460349
502,0.020120174172621377
503,0.6216998971460349
504,0.6216998971460349
505,-0.5540804264124446
506,-0.8116130421638142
507,-0.1441124701708699
508,-0.07241414688994102
509,0.6216998971460349
510,0.010858986159491065
511,-0.3854130487981834
512,0.12940376364797998
513,0.3449497185081806
514,0.2188190946703777
515,0.20920117985513548
516,-0.07426324795957626
517,0.5643049472084197
518,0.6216998971460349
519,-0.149664455511898
520,0.22468474367129446
521,0.028978074027751963
522,0.18172271694579167
523,-0.04139172015506464
524,-0.7595246978215866
525,-0.701911751312486
526,-0.10939920761005043
527,-0.778065742855552
528,-0.419769162134515
529,-0.8707486357689294
530,0.006851717077126131
531,0.09253362368889481
532,0.13677175897630012
533,0.3744808910802765
534,0.12271109831565805
535,0.11455378174384755
536,-0.46630941002333554
537,0.6216998971460349
538,0.3075404433276562
539,-0.5850667886902625
540,0.03356296890124753
541,0.0013560250638757773
542,0.20984079663850747
543,0.30064146232794553
544,0.5109148088643485
545,-0.42291756597040725
546,-0.3249906870137772
547,-0.2725342672288605
548,0.43411752684142757
549,-0.1976712816507184
550,-0.027929069620729594
551,-0.07829400383866363
552,0.6216998971460349
553,-0.20785400052345732
554,0.6216998971460349
555,0.27371551611411504
556,-0.05943433719986348
557,0.04007691615911428
558,-0.2583297121518151
559,-0.47830497832292684
560,-0.6266342711405961
561,-0.13157898911232527
562,-0.4170049493692617
563,0.7057485505540033
564,-0.018034314974146703
565,-0.19486635763044696
566,-0.23597726997342064
567,0.23129651648647465
568,0.6216998971460349
569,0.18970652138902758
570,0.19931223986622043
571,0.6216998971460349
572,-0.7227328306884182
573,0.6216998971460349
574,0.11503843337220629
575,-0.48295506664740456
576,-0.13026847288009077
577,0.02864919416009784
578,-0.016100603862155605
579,-0.0055699840381148846
580,0.4745094743740701
581,0.6216998971460349
582,0.6216998971460349
583,0.008835588755350891
584,0.11749974540504791
585,-0.7477781104851551
586,0.42227823447434937
587,-0.5831529347349654
588,-0.7163138365048158
589,-0.21832821734866975
590,0.3741252039562607
591,-0.6543346999498905
592,-0.09547795820869026
593,0.0035006276889625078
594,-0.27576507227772906
595,0.12123123511805681
596,-0.19770954217226366
597,-0.21610141343382333
598,-0.007986546318138542
599,0.10686025039959801
600,-0.3263562990843967
601,-0.27465512623350563
602,-0.06962026042129928
603,0.18606881764802718
604,0.1177982784783211
605,-0.14062417261666654
606,0.09277941689209754
607,0.12915362757470092
608,0.6216998971460349
609,0.6216998971460349
610,-0.4966386055653647
611,0.18564822329303243
612,-0.26870279994707635
613,-0.5958760403891508
614,-0.4187909198992984
615,0.6216998971460349
616,-0.7589538498211534
617,0.3351005301761002
618,0.00801870093871181
619,-0.323530096430655
620,0.6216998971460349
621,-0.09217908608952165
622,-0.47530618699844684
623,-0.43814301651912146
624,0.0907001409851981
625,-0.24042827817309836
626,0.27458714130314255
627,0.35417468612262726
628,-0.04351324642312128
629,-0.5032992359966448
630,0.14161918450109087
631,-0.7183514431212772
632,0.6216998971460349
633,0.6216998971460349
634,0.24780934086534417
635,0.1885665534409976
636,-0.10684815441534154
637,0.27354704472848773
638,0.2205219390127786
639,-1.0716871848335727
640,-0.2484352886556183
641,0.023317032718902994
642,0.0434195039892179
643,0.6216998971460349
644,-0.033994909759566386
645,-0.6228621019712859
646,-0.03694540086302797
647,-0.3626259852874653
648,0.053355930215565006
649,0.6216998971460349
650,-0.7784110457123135
651,-0.20637202301629756
652,0.3693178261521996
653,0.5056494397734614
654,0.36615692135271
655,0.6216998971460349
656,-0.32264266453044493
657,-0.22543468707119416
658,0.6216998971460349
659,-0.02409814161411153
660,0.27203791926467186
661,0.05986296311072663
662,-0.33310143948349
663,-0.36309370414845565
664,-0.6055127172816144
665,0.10427726824426825
666,-0.11677305513250533
667,-0.24217889493029993
668,-0.42863645290834873
669,-0.0022582868187690005
670,0.6216998971460349
671,0.04755079315007542
672,-0.20460026534531917
673,-0.23242291840743784
674,0.0973886052653704
675,0.6216998971460349
676,-0.4704082185486753
677,0.12348113951881887
678,-0.06863763839050538
679,0.24258502844325647
680,-0.22324583804333137
681,0.2591751907105624
682,-0.18105696858472758
683,0.09499101751226746
684,-0.5778418657119869
685,-0.7407243525790137
686,-0.2838588484188164
687,-0.3513725302184575
688,-1.0716871848335727
689,0.35991663485497305
690,-0.09141939034923288
691,0.4043590540198023
692,-0.25998909154211025
693,-0.5160881704459317
694,0.08133469710476743
695,0.2038304693410049
696,0.5386367867815194
697,0.06461518474862338
698,0.10606317216203254
699,0.0016277601977630462
700,-0.09775147922026994
701,0.6216998971460349
702,-0.5911716786223964
703,-0.5480055119133341
704,0.14126322007852943
705,-0.5239670768071625
706,-0.1200106051255608
707,-0.5807663173965093
708,0.6216998971460349
709,-0.33250344832374423
710,0.0855349503415149
711,0.6015526272094552
712,-0.24710539038759174
713,-0.31015775773130305
714,-1.0716871848335727
715,-0.4253917381049489
716,-0.019993799281696346
717,-0.025971901261156824
718,0.4911901879652004
719,0.6216998971460349
720,-0.1425352515806605
721,0.6216998971460349
722,0.09386009498119344
723,-0.4420432966765255
724,0.1715831228458276
725,-0.0031023418298627677
726,-0.06513416034131093
727,-0.11214039499905215
728,-0.23954304211627464
729,-0.39643325633526166
730,-0.5351734662845723
731,0.2034122593181409
732,-0.6631910159288994
733,-0.6378014650353097
734,-0.4625054842417486
735,-0.13725786035604276
736,0.4137010802380252
737,0.6216998971460349
738,-0.48036997644645735
739,0.07646073483283605
740,-0.4400567761037131
741,-0.7866616067923695
742,0.27075452607654593
743,0.6216998971460349
744,0.6216998971460349
745,-0.06496092059549846
746,-0.046720582180817344
747,-0.41670299048629167
748,-0.473326015953203
749,0.6216998971460349
750,0.6216998971460349
751,0.34506734801819705
752,0.5092192688945525
753,-0.5351978901244454
754,0.3579641283580085
755,0.004361597009558686
756,-0.3259543670013474
757,0.15769006080576564
758,0.38295353408650645
759,-0.45416127140858376
760,-0.0967795173170232
761,-0.9529150647973387
762,-0.10595083405224248
763,-1.0716871848335727
764,0.6216998971460349
765,-0.32979484229467837
766,-0.10213738445070872
767,0.04464200279928637
768,0.07411927776791241
769,0.24213469126938467
770,0.07950237979081237
771,-0.12815552609458888
772,0.1516894598710966
773,0.3622714783939911
774,-0.293488970239174
775,-0.4911515150822058
776,0.38328684859198775
777,0.029359211144456193
778,-0.16391051203911233
779,-0.5871808158961003
780,-0.47596545570033477
781,0.11551540058341797
782,0.16086758216187025
783,0.4284382355039479
784,0.6216998971460349
785,0.35624945762629256
786,-0.34863684223199
787,0.20878391449881056
788,-0.04395825551247186
789,0.3225352185956981
790,0.6216998971460349
791,-0.10544331458111189
792,0.2909144181438056
793,-0.1399157186889129
794,0.4204408313249247
795,-0.01334837828515594
796,0.6216998971460349
797,0.6216998971460349
798,0.21805309651624705
799,0.07865046896492373
800,0.6216998971460349
801,0.6216998971460349
802,-0.23869474776563854
803,-0.22161723915451165
804,-0.2056668533274491
805,0.29045703629664
806,0.008643539743196095
807,-1.0716871848335727
808,-0.19073162993838172
809,0.4264035838018483
810,-0.036798362707094634
811,-0.36203141132382133
812,0.2116655094804831
813,-0.053494381339428486
814,0.6216998971460349
815,-0.5067551335106314
816,0.6216998971460349
817,-0.3971370083941993
818,0.030470683679530222
819,-1.0716871848335727
820,0.18285040426767293
821,-0.25982812846306985
822,0.13047886934405162
823,-0.17328372080107224
824,-0.37288231817767137
825,-0.4218863913297193
826,0.1678174551633424
827,-0.010518477772108317
828,-0.7167594788389479
829,-0.4339141905730015
830,0.6216998971460349
831,0.2192586096491535
832,-0.010719834849406458
833,0.2870271574203306
834,-1.0716871848335727
835,-1.0716871848335727
836,-0.1936717889411514
837,-0.2498727929470368
838,-0.1332827862005695
839,0.30784782011517764
840,0.6216998971460349
841,-0.32892696667821875
842,0.0027911230419115024
843,0.6216998971460349
844,-0.05954962585613802
845,-0.36893124402550415
846,0.18012839401419894
847,0.057536634794112036
848,-0.22341854343562056
849,-0.3791922862212268
850,-0.05207410010906553
851,-0.3514258642910417
852,0.08230172086542434
853,-0.18491029756449717
854,-0.32670382094683903
855,0.08837206467671788
856,-0.6043351834947037
857,0.2140903878553979
858,-0.2901562216426933
859,0.4403456519984723
860,0.6216998971460349
861,-0.22911635783385198
862,0.30121761770053823
863,0.6216998971460349
864,-0.6367275688552637
865,-0.35179985744046505
866,-0.846124276444096
867,0.05807823304591006
868,-0.2419300149524533
869,0.41777176073767847
870,-1.0716871848335727
871,-0.1411263402165858
872,-0.2733920427562946
873,-0.10178729649885879
874,0.20169577524799537
875,0.06393103142308498
876,-1.0716871848335727
877,0.6216998971460349
878,0.2948295588434417
879,-0.36813447028567775
880,-0.08562756602181182
881,0.6216998971460349
882,-0.02234757568884998
883,0.6216998971460349
884,0.6216998971460349
885,0.07122514306487386
886,-0.05222055143685447
887,-0.06371165631115953
888,-0.628847391456091
889,-0.0580369521047836
890,-0.10061151913684871
891,-0.29349793554031295
892,-0.2521445702637293
893,0.4834907593213689
894,-0.18584712197943865
895,0.3257065172845716
896,-0.0074783467675791585
897,-0.3108777824964681
898,-0.6013523323320913
899,-0.31403477857593387
900,-0.13608931664359858
901,-0.6292732768318343
902,-0.4088891369312289
903,-0.5247528343819265
904,-0.01619503612163026
905,-0.0934767934371735
906,-0.08472951323879649
907,-0.5214130235752736
908,0.09228542715896851
909,0.1578765009706668
910,-0.09205450252054515
911,0.42362884213244356
912,0.6216998971460349
913,-0.7949185632126975
914,-0.20358635523310237
915,0.6216998971460349
916,0.0030360007414314896
917,0.3811036274115005
918,0.032806735647888885
919,-1.0716871848335727
920,0.1714847701989123
921,-0.22171232575410035
922,0.5544667427410366
923,-0.12721551513709922
924,0.14999726501971533
925,0.10211542453049635
926,0.6216998971460349
927,0.0013248733856057217
928,0.13482767637456272
929,0.2780933158317931
930,-1.0716871848335727
931,0.1633071898357632
932,0.09964309190443053
933,-0.1818467759792417
934,0.27595895193313846
935,-0.35313443287881563
936,-0.19966539399598543
937,-0.09161074021388854
938,0.09111482855795217
939,-0.34427108688556507
940,-0.12799950081156114
941,-0.2462254204175805
942,0.6216998971460349
943,-0.0724907705000234
944,-0.10078189947723278
945,-0.3696747413363458
946,0.15216821760228458
947,0.04528761641017959
948,-0.00896917268738165
949,-0.23325391090026912
950,-0.08787443505227391
951,0.6216998971460349
952,-0.21389246823148206
953,0.34522538062131136
954,-0.2481923604043219
955,-0.4267113496798219
956,0.6216998971460349
957,-0.2707100032316069
958,-0.2940316716846063
959,0.17772926324623267
960,-0.4332821015579965
961,-0.3610863777658266
962,-0.3891200970219239
963,-0.14776132706503542
964,0.6216998971460349
965,0.6216998971460349
966,0.6216998971460349
967,0.6216998971460349
968,0.08209843727888172
969,0.6216998971460349
970,0.6216998971460349
971,-0.7165739283779844
972,-0.19662223743822288
973,-0.12420141915009594
974,0.4573934628623162
975,-0.2656952769686092
976,0.6216998971460349
977,-0.17379417238519496
978,-0.24196740217377163
979,-0.4897333740872873
980,-0.36293145655761927
981,0.6216998971460349
982,0.592393986981057
983,-0.7875267869862453
984,0.13341709403356644
985,0.016945323910112352
986,-0.21684416138504128
987,-0.2808748487827629
988,-0.0815774821185132
989,0.6216998971460349
990,0.45859131836417466
991,-0.3890356663059127
992,-0.514184769055873
993,0.6216998971460349
994,0.5202509286375047
995,0.042067828388912654
996,0.6216998971460349
997,-0.16594909046128775
998,-0.3364407573515531
999,0.6216998971460349
1000,0.37695317080623636
1001,-0.0322886872140176
1002,-0.6969104806284037
1003,0.15772223482748174
1004,0.21982112825173716
1005,0.2225274554719427
1006,0.24694939893106058
1007,0.6216998971460349
1008,-0.6041886023365728
1009,0.11656880090283792
1010,-1.0716871848335727
1011,0.6216998971460349
1012,-0.26764145982733745
1013,-0.310353360990389
1014,-0.6103893285534131
1015,0.0919800212610073
1016,-0.10935217194113303
1017,0.6216998971460349
1018,0.5054474602571486
1019,0.34341538674665617
1020,0.46001472416613304
1021,0.33345949546142406
1022,0.28350759100420925
1023,0.023921610276875945
1024,0.04637794828717972
1025,-0.06065244323928225
1026,0.09894538113757498
1027,-0.021171005196498865
1028,-1.0716871848335727
1029,0.39028782756912583
1030,0.08471536964187813
1031,-0.027168087407737268
1032,-0.06764742095632545
1033,0.6216998971460349
1034,-0.5862228474551838
1035,-0.15193823395160144
1036,-0.4941060500827933
1037,-0.3010984752257187
1038,-0.4246741759846856
1039,-0.11815991966146366
1040,0.3637995412768015
1041,-0.024325655416106783
1042,0.6216998971460349
1043,0.2475461982495223
1044,-0.6746810924002904
1045,-0.07021495923519067
1046,0.11761990583101821
1047,-0.5096739668711103
1048,0.37568863847986356
1049,-0.10635889214220898
1050,-0.019227622808225923
1051,-0.09242822436106102
1052,0.4440586114873538
1053,-0.43650974663859043
1054,-0.3746142979238696
1055,0.6216998971460349
1056,0.2240325654471853
1057,-0.045510924502114344
1058,-0.2695361974523232
1059,0.16529996200835323
1060,-0.007038221502680458
1061,0.6216998971460349
1062,0.6216998971460349
1063,0.10843369196553707
1064,-0.04653514586240775
1065,-0.23603735147696114
1066,-0.21077091356428718
1067,0.27846814958066024
1068,0.16191168037385698
1069,0.2709617547244768
1070,0.4273237165877355
1071,0.6216998971460349
1072,-0.49516533989627043
1073,-0.30238531655947765
1074,0.6216998971460349
1075,0.6216998971460349
1076,-0.10719226867731414
1077,0.03326621577990124
1078,-0.39181022354472006
1079,0.06118771292265721
1080,-0.014408544371039935
1081,-1.0716871848335727
1082,0.6216998971460349
1083,0.07775259997715873
1084,0.021328379360223634
1085,-0.5587173112248517
1086,-0.19384991648548125
1087,0.6216998971460349
1088,-0.1360663457726415
1089,0.21210539688688934
1090,-0.30636247077545464
1091,0.46272590634211347
1092,0.6216998971460349
1093,-0.1175488417248368
1094,0.04797120580387866
1095,0.333110633130678
1096,-0.23887316188798705
1097,0.6216998971460349
1098,0.6216998971460349
1099,-0.35033834273752934
1100,-1.0716871848335727
1101,0.08789139361498736
1102,-0.2658733358839696
1103,0.6216998971460349
1104,0.08129947541013272
1105,0.08211652019292223
1106,0.6229797416178531
1107,-0.24678450185113848
1108,0.1038561766042378
1109,0.6216998971460349
1110,0.21270864244205262
1111,0.2490476382083138
1112,0.07146331056177371
1113,0.4620991200012978
1114,0.49169654718328565
1115,-0.2872073624889224
1116,0.000812494940239452
1117,0.3511787094595752
1118,0.43198783526050843
1119,0.10908902590977229
1120,-0.27636276119587344
1121,0.21566383092627134
1122,0.03882080019536807
1123,-0.02489145107269216
1124,0.6216998971460349
1125,0.1936383573713819
1126,-0.44798379764937113
1127,-0.26105125390798367
1128,-0.7293203802314391
1129,0.6216998971460349
1130,0.07738840867237068
1131,0.1177164820913067
1132,-0.3030450770739672
1133,0.08899524836873068
1134,-0.20819942496290605
1135,-0.1543229760410958
1136,0.2559124639279402
1137,-0.631675468230364
1138,-0.2731258961826033
1139,-0.4706628464798058
1140,0.6216998971460349
1141,0.21919562474505522
1142,0.6216998971460349
1143,0.6216998971460349
1144,0.6216998971460349
1145,0.007860876137784164
1146,0.4361700288801218
1147,0.6216998971460349
1148,0.6216998971460349
1149,-0.4227268417936045
1150,0.29395055536768955
1151,-0.010450133713686385
1152,-0.33345025274679974
1153,0.09865969989961745
1154,0.4250419249162095
1155,0.15050174683175227
1156,0.6216998971460349
1157,0.12513117308790203
1158,-0.41031918033911413
1159,0.35555697100746186
1160,0.004162432425198569
1161,0.17529015369093032
1162,0.18620186399384359
1163,-0.040101211984760174
1164,-0.03913037453880244
1165,0.6216998971460349
1166,-0.4493312668541499
1167,0.03411699156500049
1168,0.6216998971460349
1169,0.22623528173745633
1170,-0.0003091004855424594
1171,0.33589199872246006
1172,-0.12828587215866685
1173,-0.22259486853757615
1174,-0.4446791149000686
1175,0.31313726805293834
1176,0.19811893720858448
1177,0.3157226304893104
1178,-0.7289712776759277
1179,0.6216998971460349
1180,-0.30545488836224066
1181,-0.1090665802240604
1182,0.09752445710365004
1183,0.16682729128591503
1184,-0.13356339793979857
1185,-0.16701822760360113
1186,-0.08509838884766957
1187,-0.25322115703635173
1188,0.45105711966379347
1189,-0.49494634036433144
1190,0.12788375005127828
1191,0.33879388795232585
1192,0.2649538654015009
1193,0.6216998971460349
1194,0.11521756214135415
1195,0.4137411353752358
1196,-0.16679802072699867
1197,0.6216998971460349
1198,-0.2905300333587699
1199,-0.11554257601467612
1200,-0.007118822835093772
1201,-0.007691939986994242
1202,0.1498814659835625
1203,-0.07238130060214046
1204,0.05398859953687461
1205,-0.7731210348923154
1206,0.4956313439869323
1207,-0.37686717775344947
1208,0.1753887402076186
1209,0.2613812080966735
1210,0.06892724634306087
1211,0.24223571774475128
1212,-0.14626370475763903
1213,0.25443436469854536
1214,0.6216998971460349
1215,0.0030492872577381723
1216,0.43234668148992783
1217,0.4529598301385008
1218,-0.85825657587948
1219,-0.03110335731147794
1220,-0.38025343088967106
1221,0.027293105692610974
1222,0.4415497774933288
1223,-0.47291101135436286
1224,0.2812643785017853
1225,-0.3862886597348334
1226,0.020481316937621064
1227,-0.6579075181024457
1228,0.31025988174575925
1229,-0.04743041177453727
1230,0.21087386162087152
1231,0.137924928637648
1232,0.26621603635309554
1233,0.6216998971460349
1234,0.6216998971460349
1235,0.2763225440769194
1236,-0.5386119215923701
1237,0.05730888230810423
1238,-0.4900530226922318
1239,0.6216998971460349
1240,0.047648861850328704
1241,-0.19719348895651692
1242,0.07208710204514704
1243,-0.014605737940092602
1244,0.6216998971460349
1245,0.4012891177019058
1246,0.3100452913683729
1247,-0.16706630389971805
1248,-0.08659007836485348
1249,0.4139781859448862
1250,-0.15569489462608188
1251,0.24619780291530854
1252,-0.5379859463474419
1253,0.6216998971460349
1254,-0.5715512641016963
1255,-0.44201190376062927
1256,-0.12220168641334127
1257,-0.1460621444661045
1258,0.02159085243700146
1259,-0.27405744274010246
1260,-0.1377096570782546
1261,0.21483832821779147
1262,0.2722208879909025
1263,-0.21207611303479262
1264,0.22027001522695386
1265,-0.013500799330719345
1266,-0.5046048789317281
1267,-0.4731444418840388
1268,-0.19560941000388848
1269,0.6216998971460349
1270,-0.506624038837902
1271,0.039437395208323164
1272,0.30353164859147697
1273,-0.12078761338070163
1274,0.1844064312022794
1275,0.4696278518271947
1276,-0.06435991712704632
1277,0.47919818734705294
1278,-0.37889741530262944
1279,-1.0716871848335727
1280,-0.2426614115216944
1281,-0.4906210674369018
1282,-0.686236271722665
1283,0.11065868837532164
1284,0.42294778797863636
1285,0.0626947440781663
1286,-0.671685510042941
1287,0.6216998971460349
1288,0.6216998971460349
1289,0.6216998971460349
1290,-0.17217083604717726
1291,-0.39491578259832155
1292,0.21453432353921506
1293,-0.3915524607595942
1294,0.05244922437265545
1295,-0.8593888189055362
1296,0.11798486990189788
1297,0.13182572941723947
1298,0.21579006208244472
1299,0.6216998971460349
1300,0.25077626613327497
1301,0.20265817026211458
1302,0.01913202187678229
1303,0.30465429193700405
1304,-0.31244384987353924
1305,-0.0949658919115847
1306,-0.0822769099410917
1307,-0.08186815130094474
1308,-0.8855247267914603
1309,0.6216998971460349
1310,-0.20777030654493978
1311,-0.28705628888905493
1312,0.11590407656716993
1313,0.32590354943382
1314,-0.0015912166070693146
1315,0.00733614713128014
1316,0.6216998971460349
1317,0.05882884606380685
1318,0.11775919027526333
1319,-0.2526534409919392
1320,0.09633676084407591
1321,0.252075741853966
1322,0.05042650059499251
1323,-0.03825491306655171
1324,0.6216998971460349
1325,0.6216998971460349
1326,0.6216998971460349
1327,0.03243311956712655
1328,-0.3661370702698349
1329,0.454990717921517
1330,-0.2672749906498467
1331,0.10907511458075614
1332,0.6216998971460349
1333,-0.35953417167689367
1334,0.06646847939480083
1335,0.07919255847959772
1336,0.11535726168836422
1337,0.3227589421034602
1338,0.16439231099985394
1339,0.5707246563862226
1340,0.707825620693061
1341,-0.07784513239407839
1342,0.08824321577640035
1343,0.3588599316902068
1344,-0.32298327667207055
1345,0.29063585062179853
1346,-0.5094532984899225
1347,-0.9175855464004052
1348,-0.185212113003289
1349,0.09316016336606162
1350,0.6216998971460349
1351,0.6216998971460349
1352,0.6216998971460349
1353,-0.31470397869800903
1354,0.6216998971460349
1355,0.37338769581638787
1356,-0.23108922435441892
1357,0.0572681677408413
1358,-0.23786389462660815
1359,0.016578383636489613
1360,0.13236716578446367
1361,-0.002193246153987896
1362,-0.0930660197849549
1363,0.2319215059997075
1364,0.27580588159028585
1365,-0.007200866653874984
1366,0.24748256194014456
1367,-0.49224724208940623
1368,-0.7998270190403654
1369,-0.4568951958204811
1370,-0.11579148173963782
1371,-0.009449569537286593
1372,0.6216998971460349
1373,-0.49081778689204447
1374,0.6216998971460349
1375,0.0024055293207802778
1376,0.20295588573940893
1377,0.6216998971460349
1378,-0.13464282174318132
1379,0.6216998971460349
1380,0.05158446571549434
1381,-0.1069354271720607
1382,0.6216998971460349
1383,0.389858398477895
1384,-0.2667746868560965
1385,-0.6435586254548944
1386,-0.19543319681492646
1387,-0.6911321304201528
1388,-0.43920939727200603
1389,-0.32479681312630004
1390,0.3630474756160863
1391,-0.2784781012478442
1392,0.28898146462151386
1393,0.09576847847579326
1394,-0.3025247047003696
1395,-0.10704788684035846
1396,-0.08497537795123919
1397,-0.2758731928673005
1398,0.23586144091339928
1399,-0.333346110638344
1400,0.2587225674724337
1401,-0.15207943117368122
1402,0.37218671379684426
1403,0.34463008611243295
1404,0.4059285899969299
1405,-0.020980951029188587
1406,-0.30897761594653494
1407,0.2726605384088422
1408,0.28722024773598337
1409,0.3044741464769825
1410,-1.0716871848335727
1411,-1.0716871848335727
1412,-0.3568738431775514
1413,-0.10300701438701669
1414,-0.4884548039763495
1415,0.06453522438869103
1416,0.055047784318376154
1417,-0.44763659098892195
1418,0.3405119409055919
1419,-0.1105905855370174
1420,-0.2546513839970086
1421,-0.07139668122862824
1422,-0.43467202280068784
1423,-0.15994425008515056
1424,-0.5357265526393478
1425,-0.3564425055286904
1426,0.38385035682689406
1427,-0.27283939950632036
1428,-0.4132705113067243
1429,0.2570173295583951
1430,-0.901298434865353
1431,0.30718635922743015
1432,0.555420638350867
1433,-0.6285579708143004
1434,-0.339662665269148
1435,0.3324354457208405
1436,-0.36370727275735126
1437,-1.0716871848335727
1438,0.5103699827724734
1439,0.11164459454413872
1440,0.6216998971460349
1441,-1.0716871848335727
1442,-0.09128976227555369
1443,0.13778904993836738
1444,0.023617894038120264
1445,0.6216998971460349
1446,-0.05184108709139097
1447,0.11598861721025373
1448,0.6216998971460349
1449,0.5665171500085777
1450,0.6216998971460349
1451,-0.2791528192103898
1452,-0.5023288684399285
1453,0.6216998971460349
1454,0.2212233396695024
1455,-0.06410825534582053
1456,0.30778968127613393
1457,-0.08430533715270672
1458,0.004560658394277462
1459,0.6216998971460349
1460,0.6216998971460349
1461,-0.12169068406778999
1462,0.6216998971460349
1463,-0.2685244797223981
1464,0.06156476266053429
1465,0.14404136603124162
1466,0.6216998971460349
1467,0.2124429728162073
1468,0.030841906633886494
1469,0.08479325044827338
1470,-0.24706575777609396
1471,-0.6264566031082306
1472,0.36670562350124614
1473,-0.21587014234310953
1474,-0.19110012407308075
1475,-0.5388378938933147
1476,0.05366501622977109
1477,-0.3335575149526466
1478,0.6216998971460349
1479,-0.12995247144661054
1480,0.07326369810777833
1481,0.3330308624406487
1482,-0.4320666572987523
1483,-0.11666280625891086
1484,0.46883679731569244
1485,0.6216998971460349
1486,-0.43616514711823084
1487,0.17138881936096173
1488,-0.6913476639377812
1489,0.6216998971460349
1490,-0.23615340226184833
1491,-0.07054907395961987
1492,-0.27661119536788326
1493,0.3747084980551224
1494,0.6899388787495859
1495,-0.6291508185041639
1496,-0.15839821352366354
1497,0.6216998971460349
1498,-0.17713846751836487
1499,-0.038677669638250325
1500,0.4930539611949665
1501,0.0674544414814553
1502,0.051695980646364756
1503,0.1443306216739415
1504,-0.13031806900420215
1505,-1.0716871848335727
1506,-0.13898414096927977
1507,-0.4632928197470328
1508,0.3241944837432016
1509,-0.08590711704238341
1510,-0.2802564527475332
1511,-0.28009198649542955
1512,-0.2617586891597483
1513,0.0005502974111686691
1514,0.15385271732075628
1515,-0.6252340473022953
1516,-0.14806725913028496
1517,0.05319415209515607
1518,0.5665301883096783
1519,0.4040287121965238
1520,-0.27397035285725635
1521,-0.416351330815372
1522,0.06214849772869635
1523,-0.2930826683180149
1524,-0.5882724745215644
1525,-0.0003216929629678815
1526,0.043265969856013206
1527,-1.0716871848335727
1528,0.03762318823501903
1529,-0.11282902245691243
1530,-0.003983946003080644
1531,0.6216998971460349
1532,0.25621235188851554
1533,-0.006715167970015533
1534,0.19191813367499003
1535,-0.07531513376033029
1536,-0.28246643383098224
1537,-0.4659157001581049
1538,-0.463825277300307
1539,0.05482069557872528
1540,0.16689079874396584
1541,-0.016762217219739466
1542,0.043493049456540735
1543,-0.46227672059000474
1544,0.00820110036886288
1545,0.25642631014946904
1546,0.20103154107926752
1547,-0.07428468780719355
1548,-0.19584218853468133
1549,-0.48134502426947795
1550,0.23543933374151457
1551,0.05679216981253618
1552,0.23768469204303438
1553,-0.10325702744389219
1554,-0.6107282845392942
1555,-0.5472650343653143
1556,0.05436737577393318
1557,-0.07876143660697348
1558,-0.41788118470382724
1559,-0.2539267355847754
1560,0.6216998971460349
1561,-0.061725150490408165
1562,0.6216998971460349
1563,-0.02522734422357816
1564,0.6216998971460349
1565,0.6216998971460349
1566,-0.2652675565360586
1567,-0.6092258222342295
1568,0.6216998971460349
1569,0.6216998971460349
1570,0.6216998971460349
1571,-0.21683173251222895
1572,0.06337979785391094
1573,0.22942887616226298
1574,-0.0634779727842089
1575,-0.09697893337858651
1576,-0.12870095668087642
1577,-0.4241512850239533
1578,0.1403107113083099
1579,-0.14925320224623895
1580,0.4098926102969037
1581,-0.35069323478118897
1582,0.016282806210754855
1583,0.21764079070530462
1584,-0.21873056595794005
1585,0.6216998971460349
1586,0.2002561771814304
1587,0.02004070134332396
1588,0.6216998971460349
1589,-0.19210869158510058
1590,0.18070792835332533
1591,-0.24164137292120713
1592,0.05595298990155961
1593,-0.2079211185229011
1594,-0.001301032363523821
1595,-0.2489096608017612
1596,0.0845232955739823
1597,0.05188932541196051
1598,-0.40375177985689525
1599,0.2893010799256158
1600,0.6216998971460349
1601,0.4690960865037346
1602,0.4135053354746802
1603,0.17259307776112529
1604,0.6216998971460349
1605,-0.20653610504162306
1606,0.6216998971460349
1607,0.6216998971460349
1608,0.17411564538081634
1609,0.059786966982069895
1610,-0.059574344704578744
1611,0.04088836712562249
1612,-0.31243819652729665
1613,-0.05818381805327645
1614,-0.04902342253963872
1615,-0.1473298321876974
1616,-0.4939280996243621
1617,-0.5635037377898164
1618,0.19443886938786129
1619,-0.3140202452467956
1620,-0.5375233196877587
1621,0.41091772852441694
1622,0.2340324457868543
1623,0.6216998971460349
1624,-1.0716871848335727
1625,0.115026535431382
1626,0.6216998971460349
1627,-0.032859802109634
1628,0.10027690959480304
1629,0.344570398143998
1630,0.03467388761141871
1631,0.6216998971460349
1632,-0.519621430461263
1633,-0.07616817562493056
1634,0.4904333380882425
1635,0.14010510473064483
1636,-0.649019003574776
1637,-1.0716871848335727
1638,-0.4707946619497232
1639,0.6216998971460349
1640,-1.0716871848335727
1641,-0.08086662623450513
1642,-0.09031531539116691
1643,-0.41226549730917805
1644,0.3813029197166997
1645,-0.2632113623551261
1646,-0.026571165296029278
1647,-0.20622375522136888
1648,-0.051484438636563656
1649,0.2269599551637197
1650,0.25156184063781495
1651,0.08310372837159816
1652,-0.16949321750311952
1653,0.036060498202253474
1654,0.6216998971460349
1655,-0.2366537076430258
1656,-0.21766465971419066
1657,-0.7164729086249997
1658,-0.3142421289872719
1659,0.6008345998545108
1660,-0.19196377120032823
1661,0.101836142605435
1662,-1.0716871848335727
1663,-1.0716871848335727
1664,-0.5085644368572195
1665,-0.37854438169930626
1666,-0.46009263866101774
1667,0.6216998971460349
1668,-0.26094082609017816
1669,0.26938327792993
1670,0.22338501060955648
1671,-0.4599507711188434
1672,0.6216998971460349
1673,-0.365846373650898
1674,-0.49917714699728294
1675,0.31883144311207645
1676,-0.3177985227992399
1677,0.20633019444470957
1678,-0.44530152897274144
1679,0.11878409487989802
1680,-0.37998925841142617
1681,0.1645934689503743
1682,0.5926287353488879
1683,0.6216998971460349
1684,-0.6087946857332256
1685,-0.6555599844854736
1686,0.1752301812885282
1687,-0.2547516243125265
1688,-0.12686423588834017
1689,0.006469847278484136
1690,-0.30079038687595117
1691,-0.26075546887303735
1692,0.4975806604181341
1693,0.41829856684399125
1694,-0.07769509304148975
1695,0.01388433141657207
1696,0.6216998971460349
1697,0.543423705545008
1698,-1.0716871848335727
1699,0.375574159945051
1700,-0.45099448797207375
1701,-0.1500143190401383
1702,-0.4283208963604957
1703,-0.1184432531141269
1704,-0.02768429242730362
1705,0.29191511447082397
1706,-0.33654003967766744
1707,-0.9056671644778238
1708,-0.41912839275452496
1709,-0.7866930007881806
1710,0.17423373252702634
1711,0.6216998971460349
1712,0.18801497155615482
1713,0.28257833293747125
1714,-0.12005842633451033
1715,0.37158131382844417
1716,-0.4483773215341975
1717,0.04833152031208428
1718,-0.10579922793757322
1719,-0.25115050596872535
1720,0.16846817113532014
1721,0.32825420556160756
1722,0.38159876404502435
1723,-0.3106031990675023
1724,0.3048275341882996
1725,0.6216998971460349
1726,0.4490890161845945
1727,0.6216998971460349
1728,0.3634582368969155
1729,-0.24020881615097991
1730,0.25400650689424836
1731,-0.3417350332966692
1732,0.1410404982360365
1733,0.3421081808146626
1734,-0.43775377422877426
1735,-0.15545915094941343
1736,-0.547937829215721
1737,-0.1699054179330524
1738,-0.5210502103440224
1739,-0.17959209893703104
1740,0.03558842920057271
1741,0.2042679769084088
1742,0.08503414314543048
1743,0.07611833442647618
1744,-0.2325687662267864
1745,-0.4304313741788359
1746,0.19028885167597517
1747,-0.06535885609317542
1748,0.20090803107485303
1749,-0.004772716646432778
1750,-0.16656215342257846
1751,0.32349036489718175
1752,0.4428627192420892
1753,0.12603575801817876
1754,0.28687769262211466
1755,0.4392382749805456
1756,0.044028477293143284
1757,-0.2854290551909805
1758,0.17459906974382147
1759,-0.4010907812914738
1760,0.6216998971460349
1761,-0.3397681553426052
1762,0.6216998971460349
1763,0.04312762346058799
1764,0.1261864457789038
1765,-0.12693113469424572
1766,0.0700883503384504
1767,0.6216998971460349
1768,-0.6798329405040777
1769,0.09835651955938512
1770,0.07844196867518433
1771,0.6216998971460349
1772,0.21388154943283078
1773,0.34447946650338296
1774,0.03823040909222065
1775,0.36125392411380836
1776,-0.16712887512221128
1777,-0.14890538420251803
1778,0.40351560933139974
1779,-0.26751393023657116
1780,0.05943478278349201
1781,-0.007780108305826332
1782,-0.43791761339769275
1783,0.6216998971460349
1784,-0.5243220218831188
1785,0.6216998971460349
1786,-0.2504156406167679
1787,-0.1771978717979534
1788,0.22716682019978585
1789,-0.14964143861977636
1790,-0.12665514559323204
1791,-0.3048543277942808
1792,-0.2590743309300291
1793,0.08892617404001095
1794,-0.12507017719279798
1795,-0.09704870620548361
1796,-0.1675745640218516
1797,-0.17304021117474966
1798,0.24481540708111502
1799,0.13587471942565466
1800,-0.14889980583979773
1801,-0.13601234085891867
1802,-0.01928119743230621
1803,-0.057491685104962345
1804,-0.15777212278327157
1805,0.20368190090110594
1806,-0.6052268962498437
1807,0.45528611032669447
1808,0.27423175090981233
1809,0.07753143506844781
1810,0.33113848393626816
1811,-0.030349000770835476
1812,-0.2697986334904865
1813,0.09356925919353118
1814,-0.07941062603244198
1815,0.16513593116138792
1816,-0.09817071765993146
1817,-0.2024157012707495
1818,-0.4237039818296805
1819,0.33728447211485035
1820,-0.17051785233454458
1821,0.08244646318665706
1822,0.6216998971460349
1823,-0.4093699637587406
1824,-0.23767791257442095
1825,-0.01802761498709749
1826,-0.28244666106538396
1827,0.04853472721674554
1828,-0.08184497445876773
1829,-0.2530023718355672
1830,-0.06377310358278993
1831,-0.1055915876961682
1832,0.13328374795973336
1833,0.6216998971460349
1834,-0.2233281990578844
1835,-0.8484279303519012
1836,-0.1543217647569311
1837,0.11943640898391797
1838,-0.4298930237751112
1839,0.072957952452919
1840,-0.38888925734060975
1841,-0.6415660270750456
1842,0.0062840090389094634
1843,-0.12053695614397648
1844,0.1124627708398296
1845,0.43081378348725463
1846,0.24262981255531102
1847,-0.28306918131970943
1848,0.1580053052495158
1849,0.3321709704252477
1850,-0.16116193004723503
1851,0.606585786967297
1852,0.6216998971460349
1853,0.25537086588206215
1854,-0.06478462966018037
1855,-0.06987316570748596
1856,-0.3183287939567074
1857,-0.30466967917035964
1858,0.3009402088419942
1859,-0.3336630737949263
1860,-0.08787955992250314
1861,-0.27953022757547574
1862,0.6216998971460349
1863,0.47165116714513633
1864,0.13616953153842476
1865,0.2038668015604643
1866,-0.16265829438114027
1867,0.23482041809256127
1868,0.3425770584496556
1869,-0.022592401190037054
1870,-1.0716871848335727
1871,0.6216998971460349
1872,0.3728289118860484
1873,0.06459719076105047
1874,0.14257900726651743
1875,0.6216998971460349
1876,0.3291209317181707
1877,0.6216998971460349
1878,0.1286686306308199
1879,0.4606525053923463
1880,0.10400185251829122
1881,0.6216998971460349
1882,-0.21011714495205291
1883,-0.4332634226268363
1884,0.14748184312324308
1885,-0.3506593051864774
1886,-0.6268432718621344
1887,-0.021916407516441534
1888,0.06211836691816447
1889,0.2638108751406416
1890,0.47915319138956647
1891,0.05032038174723147
1892,0.1973707876242508
1893,-0.0807580158468661
1894,-0.04346558059308825
1895,-0.5737799237960142
1896,0.07710780953765414
1897,-0.6868753542225241
1898,-0.7905178632483512
1899,0.6216998971460349
1900,-0.0256916803126915
1901,-0.153485743476544
1902,0.15698911577409633
1903,0.20010663450332233
1904,-0.04168047323057475
1905,0.028015313102419847
1906,-0.10434212591119502
1907,-1.0483651555179898
1908,0.3944431811437134
1909,-0.28641140863982306
1910,-0.15310695291310744
1911,-0.7161067913538282
1912,0.012480060534986237
1913,0.0754038303164814
1914,-0.5491584211761877
1915,-0.003459885956250706
1916,0.15721519030664927
1917,0.18730995917760032
1918,-0.3449803727722347
1919,0.0829358422704897
1920,0.12858700851277222
1921,0.3305864792163195
1922,-0.1942539461465812
1923,-0.04560846410624045
1924,-0.5874787502184768
1925,-0.19268374568695762
1926,-0.025097567144880897
1927,0.004621830816469488
1928,0.6216998971460349
1929,-0.3831016584824065
1930,0.285531765661204
1931,0.19827733751237298
1932,-0.24141673681781917
1933,-0.17234249739496724
1934,0.19926713303491023
1935,0.22711069398228134
1936,0.12627861020842773
1937,0.2239275536057842
1938,0.04374282915271048
1939,0.6216998971460349
1940,0.30871411104987134
1941,0.6216998971460349
1942,0.13562526955661003
1943,0.26340473117097485
1944,0.35851079215770326
1945,0.2970203166906372
1946,-0.6121419131185757
1947,0.09891017101557623
1948,0.26279837573817205
1949,0.49557191093993924
1950,-0.009087753150881575
1951,-0.059433564965349225
1952,0.3447130947415156
1953,0.5724942796934831
1954,0.43536235924394945
1955,0.3455332695233747
1956,-0.24770117203802816
1957,0.4055613757229082
1958,-0.18765562181132106
1959,-0.24455860699224743
1960,0.06466916077097994
1961,-0.421187811950258
1962,-0.5550498985659131
1963,-0.06242984098700409
1964,-0.5566657719220853
1965,0.12823969435166618
1966,0.10326817282700032
1967,0.02966027299228549
1968,0.13714673622608053
1969,-0.39418667114244743
1970,-1.0539705059560007
1971,-0.14208651379032355
1972,0.3759201277452898
1973,0.06740311365070686
1974,-0.2068737983911121
1975,-0.34294513535395843
1976,-0.10145932941086072
1977,0.6216998971460349
1978,-1.101353752411053
1979,0.48214650978960977
1980,-0.2525818856204233
1981,-0.18389020121905708
1982,-0.2883326967367772
1983,0.15706768291798073
1984,0.32416278429742684
1985,0.6216998971460349
1986,-0.06603682416553294
1987,-0.31609294557982515
1988,-0.2385565251823295
1989,-0.32064258045371974
1990,0.23426831087082864
1991,-0.028898693016600772
1992,-0.47520195072423854
1993,-0.29062276401628573
1994,-0.003873619630146663
1995,-1.0716871848335727
1996,0.15444652112123247
1997,-0.2794615237457301
1998,0.16289597756869748
1999,-0.1057404155110057
2000,0.015040388724728224
2001,0.0
